Milestone,Experiment,QuerySet,R@1,R@2,R@5,R@10,MRR@10,dupR@1,dupMRR@10,Model,Modality,Query_Set,Recall@1,Recall@5,Recall@10
M5.5,B1,Q1,0.796601,0.962029,0.998141,1.0,0.890277,0.859798,0.924128,,,,,,
M5.5,B1,Q2,0.756771,0.929102,0.986989,0.99522,0.860859,0.814126,0.892926,,,,,,
M5.5,B1,Q3,0.300113,0.41502,0.521739,0.592885,0.39651,0.323264,0.410769,,,,,,
M5.5,B2,Q1,0.665959,0.848911,0.950345,0.979554,0.79066,0.720393,0.823883,,,,,,
M5.5,B2,Q2,0.552576,0.729421,0.861922,0.90547,0.684314,0.594796,0.714006,,,,,,
M5.5,B2,Q3,0.630435,0.819876,0.932806,0.970638,0.763086,0.67476,0.786971,,,,,,
M5.5,D1,Q1,0.793415,0.958311,0.998141,1.0,0.887998,0.854488,0.920654,,,,,,
M5.5,D1,Q2,0.761551,0.925119,0.981944,0.991768,0.861269,0.819172,0.89259,,,,,,
M5.5,D1,Q3,0.362789,0.481649,0.599661,0.658103,0.463127,0.392151,0.480547,,,,,,
M5.5,D2,Q1,0.720393,0.905204,0.974774,0.98991,0.835367,0.779341,0.869985,,,,,,
M5.5,D2,Q2,0.661445,0.846522,0.933086,0.958577,0.782247,0.712958,0.813694,,,,,,
M5.5,D2,Q3,0.614342,0.793619,0.910785,0.94664,0.742345,0.659232,0.766608,,,,,,
M5.5,H1c_k10,Q1,0.776155,0.948221,0.994955,0.999734,0.876538,0.838024,0.911083,,,,,,
M5.5,H1c_k10,Q2,0.744822,0.925119,0.988317,0.997876,0.854761,0.806957,0.890408,,,,,,
M5.5,H1c_k10,Q3,0.509317,0.700452,0.856296,0.938171,0.659668,0.54856,0.682393,,,,,,
M5.5,H1c_k30,Q1,0.780935,0.944238,0.992831,0.999203,0.877745,0.842539,0.912265,,,,,,
M5.5,H1c_k30,Q2,0.739777,0.911312,0.979554,0.994158,0.847677,0.802177,0.884175,,,,,,
M5.5,H1c_k30,Q3,0.478826,0.645116,0.789949,0.883964,0.615684,0.516093,0.636813,,,,,,
M5.5,H1c_k60,Q1,0.779341,0.94291,0.992034,0.998141,0.876337,0.840945,0.910976,,,,,,
M5.5,H1c_k60,Q2,0.733935,0.906001,0.974509,0.991237,0.842289,0.79607,0.879151,,,,,,
M5.5,H1c_k60,Q3,0.468944,0.621965,0.755788,0.843309,0.595302,0.505647,0.61595,,,,,,
M5.5,H1a,Q1,0.797132,0.959904,0.998141,1.0,0.890166,0.860064,0.92361,,,,,,
M5.5,H1a,Q2,0.767658,0.940255,0.992831,0.996548,0.870096,0.826872,0.902536,,,,,,
M5.5,H1a,Q3,0.359966,0.48419,0.59825,0.673066,0.463747,0.389328,0.481571,,,,,,
M5.5,H1b,Q1,0.702337,0.898566,0.975836,0.98991,0.82518,0.761285,0.86069,,,,,,
M5.5,H1b,Q2,0.630643,0.830058,0.924057,0.953266,0.761548,0.685343,0.797465,,,,,,
M5.5,H1b,Q3,0.637775,0.828063,0.929418,0.968097,0.767597,0.683512,0.792482,,,,,,
M5.5,H1d_caption_heavy,Q1,0.792618,0.953266,0.997079,1.0,0.886332,0.854753,0.920161,,,,,,
M5.5,H1d_caption_heavy,Q2,0.756506,0.924588,0.988051,0.996283,0.860315,0.816782,0.89492,,,,,,
M5.5,H1d_caption_heavy,Q3,0.423207,0.557312,0.676454,0.749012,0.532843,0.457086,0.552567,,,,,,
M5.5,H1d_context_heavy,Q1,0.750929,0.926713,0.985396,0.994955,0.857542,0.812799,0.893269,,,,,,
M5.5,H1d_context_heavy,Q2,0.694636,0.874137,0.955125,0.978226,0.811464,0.754912,0.84879,,,,,,
M5.5,H1d_context_heavy,Q3,0.533032,0.714003,0.862225,0.937324,0.675602,0.574816,0.699055,,,,,,
M5.5,H1_router,Q1,0.776952,0.944769,0.995486,0.999734,0.876417,0.839087,0.910467,,,,,,
M5.5,H1_router,Q2,0.724642,0.899363,0.972384,0.987785,0.835579,0.784387,0.871038,,,,,,
M5.5,H1_router,Q3,0.518916,0.693394,0.830604,0.898927,0.654153,0.560418,0.67747,,,,,,
M5.5,H1_oracle,Q1,0.792618,0.953266,0.997079,1.0,0.886332,0.854753,0.920161,,,,,,
M5.5,H1_oracle,Q2,0.756506,0.924588,0.988051,0.996283,0.860315,0.816782,0.89492,,,,,,
M5.5,H1_oracle,Q3,0.533032,0.714003,0.862225,0.937324,0.675602,0.574816,0.699055,,,,,,
M5.5,union_top20_rerank,Q1,0.738715,0.909453,0.978757,0.995751,0.846528,0.800053,0.882851,,,,,,
M5.5,union_top20_rerank,Q2,0.681094,0.865905,0.958842,0.987254,0.804053,0.738184,0.83854,,,,,,
M5.5,union_top20_rerank,Q3,0.666008,0.830887,0.895539,0.914455,0.769845,0.714286,0.795766,,,,,,
M5.5,union_top50_rerank,Q1,0.737122,0.908656,0.976367,0.993627,0.844832,0.79846,0.881337,,,,,,
M5.5,union_top50_rerank,Q2,0.669676,0.854488,0.950611,0.979023,0.793444,0.725438,0.827678,,,,,,
M5.5,union_top50_rerank,Q3,0.693958,0.869848,0.948334,0.97205,0.808093,0.743083,0.834248,,,,,,
M6a,OCR_only_BM25,Q1,0.174456,0.256506,0.372278,0.452204,0.258027,0.195698,0.270274,,,,,,
M6a,OCR_only_BM25,Q2,0.135157,0.207913,0.307223,0.388476,0.20965,0.152416,0.219735,,,,,,
M6a,OCR_only_BM25,Q3,0.116601,0.178995,0.267081,0.342744,0.181598,0.131282,0.190069,,,,,,
M6a,Caption_plus_OCR_BM25,Q1,0.657727,0.85077,0.947159,0.983006,0.787009,0.712161,0.81532,,,,,,
M6a,Caption_plus_OCR_BM25,Q2,0.568508,0.764206,0.885024,0.936803,0.707662,0.613648,0.731923,,,,,,
M6a,Caption_plus_OCR_BM25,Q3,0.28402,0.403727,0.545172,0.631282,0.394927,0.311124,0.41087,,,,,,
M6a,Caption_Context_plus_OCR_BM25,Q1,0.644716,0.836166,0.945035,0.976899,0.77644,0.697823,0.808334,,,,,,
M6a,Caption_Context_plus_OCR_BM25,Q2,0.52496,0.70393,0.847053,0.898301,0.662297,0.566649,0.690945,,,,,,
M6a,Caption_Context_plus_OCR_BM25,Q3,0.619142,0.811124,0.925466,0.968662,0.754107,0.663749,0.777808,,,,,,
M6b,,,,,,,0.0061,,,vidore/colpali-v1.2,Vision-Document,Q1: Captions,0.0027,0.0106,0.0186
M6b,,,,,,,0.004,,,vidore/colpali-v1.2,Vision-Document,Q2: Paraphrased,0.0019,0.0072,0.0114
M6b,,,,,,,0.0091,,,vidore/colpali-v1.2,Vision-Document,Q3: Context,0.0034,0.0164,0.0294
M6.5,Original_BM25,Q1,0.666224,0.84838,0.950611,0.979288,0.790662,0.720393,0.823869,,,,,,
M6.5,Original_BM25,Q2,0.549124,0.729421,0.863781,0.904408,0.682656,0.590813,0.712366,,,,,,
M6.5,Original_BM25,Q3,0.630717,0.820723,0.933371,0.97092,0.763434,0.675042,0.787299,,,,,,
M6.5,Pure_Expanded,Q1,0.601699,0.775093,0.898566,0.942114,0.728919,0.638874,0.753915,,,,,,
M6.5,Pure_Expanded,Q2,0.490441,0.65162,0.793946,0.858205,0.619163,0.514339,0.639074,,,,,,
M6.5,Pure_Expanded,Q3,0.595144,0.789102,0.916431,0.959345,0.734357,0.632693,0.755306,,,,,,
M6.5,Fusion_0.10,Q1,0.666755,0.848911,0.951142,0.979023,0.7911,0.721455,0.824447,,,,,,
M6.5,Fusion_0.10,Q2,0.552045,0.728625,0.864843,0.903611,0.684206,0.592406,0.713079,,,,,,
M6.5,Fusion_0.10,Q3,0.631846,0.821287,0.933653,0.970356,0.764163,0.676172,0.787998,,,,,,
M7,rrf_bm25_bge_k10,Q1,0.797132,0.959904,0.998141,1.0,0.890166,0.860064,0.92361
M7,rrf_bm25_bge_k10,Q2,0.737918,0.910515,0.982475,0.995486,0.847113,0.800053,0.882959
M7,rrf_bm25_bge_k10,Q3,0.640881,0.832298,0.939582,0.974591,0.772374,0.686335,0.797288
M7,rrf_bm25_bge_k30,Q1,0.797132,0.959904,0.998141,1.0,0.890166,0.860064,0.92361
M7,rrf_bm25_bge_k30,Q2,0.736591,0.907063,0.975571,0.991503,0.843936,0.79846,0.879703
M7,rrf_bm25_bge_k30,Q3,0.638058,0.829757,0.931677,0.971203,0.768792,0.683794,0.793587
M7,rrf_bm25_bge_k60,Q1,0.797132,0.959904,0.998141,1.0,0.890166,0.860064,0.92361
M7,rrf_bm25_bge_k60,Q2,0.736059,0.906267,0.971853,0.987785,0.842534,0.797663,0.878193
M7,rrf_bm25_bge_k60,Q3,0.637775,0.828063,0.929418,0.968097,0.767597,0.683512,0.792482
M7,rrf_bm25_bge_heavy_bm25,Q1,0.796601,0.961763,0.998141,1.0,0.890233,0.859798,0.923907
M7,rrf_bm25_bge_heavy_bm25,Q2,0.751992,0.92034,0.984865,0.996017,0.85648,0.81333,0.891356
M7,rrf_bm25_bge_heavy_bm25,Q3,0.640599,0.826934,0.935065,0.972897,0.770563,0.684924,0.794833
M7,rrf_bm25_bge_balanced,Q1,0.797132,0.959904,0.998141,1.0,0.890166,0.860064,0.92361
M7,rrf_bm25_bge_balanced,Q2,0.736059,0.906267,0.971853,0.987785,0.842534,0.797663,0.878193
M7,rrf_bm25_bge_balanced,Q3,0.637775,0.828063,0.929418,0.968097,0.767597,0.683512,0.792482
M7,rrf_bm25_bge_heavy_dense,Q1,0.79368,0.958842,0.998141,1.0,0.888219,0.855019,0.920898
M7,rrf_bm25_bge_heavy_dense,Q2,0.69384,0.877589,0.955921,0.975305,0.811014,0.74854,0.84441
M7,rrf_bm25_bge_heavy_dense,Q3,0.630435,0.814794,0.922078,0.955957,0.758178,0.677019,0.783431
M7,score_fusion_bm25_075_bge_025,Q1,0.800319,0.96256,0.998141,1.0,0.892246,0.86325,0.925921
M7,score_fusion_bm25_075_bge_025,Q2,0.765003,0.937069,0.991237,0.997079,0.867664,0.826606,0.900789
M7,score_fusion_bm25_075_bge_025,Q3,0.649068,0.841333,0.942688,0.974026,0.778939,0.695088,0.803327
M7,score_fusion_bm25_050_bge_050,Q1,0.799788,0.962029,0.998141,1.0,0.89187,0.862454,0.925412
M7,score_fusion_bm25_050_bge_050,Q2,0.754912,0.927509,0.98752,0.995751,0.860006,0.815985,0.893948
M7,score_fusion_bm25_050_bge_050,Q3,0.651327,0.840768,0.941276,0.974026,0.779745,0.698758,0.804955
M7,score_fusion_bm25_025_bge_075,Q1,0.799257,0.961498,0.998141,1.0,0.891516,0.862188,0.925235
M7,score_fusion_bm25_025_bge_075,Q2,0.719331,0.893521,0.961232,0.977164,0.828243,0.777217,0.861556
M7,score_fusion_bm25_025_bge_075,Q3,0.640599,0.822981,0.922925,0.959627,0.765386,0.688029,0.790728
M7,hybrid_plus_acronym_005,Q1,0.798725,0.961498,0.998141,1.0,0.891229,0.861657,0.924991
M7,hybrid_plus_acronym_005,Q2,0.747212,0.922199,0.987254,0.995486,0.854866,0.807754,0.889221
M7,hybrid_plus_acronym_005,Q3,0.651609,0.841333,0.941276,0.974026,0.780097,0.69904,0.805304
M7,hybrid_plus_acronym_010,Q1,0.797132,0.958311,0.997876,1.0,0.889834,0.860064,0.923942
M7,hybrid_plus_acronym_010,Q2,0.740042,0.916091,0.984334,0.996017,0.849414,0.801646,0.884865
M7,hybrid_plus_acronym_010,Q3,0.651892,0.841897,0.942405,0.974026,0.780382,0.699322,0.805596
